cluster_id,size,percentage,merchant_portfolio_size,total_processing_volume,mcc_diversity,approval_rate,chargeback_rate,ecommerce_ratio,name,tags
0,9,30.0,500.0,606625.0922222222,98.0,0.9834641952479566,0.004570320461254939,0.39942175920753953,Standard Acquirers,"['typical', 'balanced', 'stable', 'moderate']"
1,6,20.0,500.0,618869.0433333335,98.0,0.9837768623021904,0.004477095856188212,0.39512753906998355,High-Volume Acquirers,"['high-volume', 'busy', 'major-processor', 'scale']"
2,8,26.666666666666668,500.0,597585.9724999999,98.0,0.9838188921113628,0.00509927014846751,0.39757171987498047,Standard Acquirers,"['typical', 'balanced', 'stable', 'moderate']"
3,6,20.0,500.0,612361.5433333333,98.0,0.9810901194599387,0.005286732117970879,0.4010611633020866,E-commerce Focused Acquirers,"['digital', 'online', 'card-not-present', 'modern']"
4,1,3.3333333333333335,500.0,603500.4,98.0,0.9809555629802873,0.007517540928833946,0.3870698296024056,High-Risk Acquirers,"['risky', 'chargebacks', 'disputes', 'problematic-merchants']"
