cluster_id,size,percentage,avg_transaction_amount,transaction_frequency,online_ratio,international_ratio,decline_rate,avg_fraud_score,unique_merchants,merchant_diversity,name,tags
0,250,25.0,44.571694229845605,3.2609333333333335,0.25068881140668814,0.050160034911160625,0.009677742255844701,17.47378335379841,112.292,0.38320618108143945,Everyday Shoppers,"['frequent', 'daily-use', 'groceries', 'routine', 'loyal']"
1,201,20.1,58.92908482362079,0.5421779988944169,0.34779953417261966,0.08085622701918986,0.01083758036948268,22.41969353814853,23.203980099502488,0.47490353197826163,Occasional Shoppers,"['infrequent', 'low-engagement', 'dormant-risk', 'casual']"
2,100,10.0,233.57758517311916,3.4527777777777784,0.3957341480620804,0.14978541397254896,0.010759827521198131,19.972467012594556,148.37,0.4788334569686329,Premium Frequent Shoppers,"['vip', 'high-value', 'frequent', 'premium', 'top-tier']"
3,80,8.0,92.19258352027599,1.6948611111111114,0.5536492262113758,0.2502783859004426,0.11234291223768386,75.0893305327542,76.925,0.5057670192550064,High-Risk Customers,"['high-risk', 'fraud-prone', 'monitoring-required', 'elevated-decline']"
4,99,9.9,333.401098386639,0.3895622895622896,0.30344000396179643,0.11970741485661107,0.01194822974416181,20.132397009750576,12.272727272727273,0.3491028927400628,Big Ticket Buyers,"['high-value', 'occasional', 'large-purchases', 'premium-items']"
5,270,27.0,93.81463818618431,2.1049382716049383,0.6053477028900006,0.32189288210627554,0.00998952270895652,27.21277005965471,95.51481481481481,0.5037574015076147,Digital-First Customers,"['e-commerce', 'online', 'digital-native', 'tech-savvy', 'app-users']"
