cluster_id,size,percentage,active_customers,approval_rate,avg_fraud_score,volume_per_customer,chargeback_rate,ecommerce_ratio,name,tags
0,14,28.000000000000004,22.0,0.98597727508562,23.32184829545253,21819.046241252097,0.004880912485926314,0.3805564500241068,High-Activity Issuers,"['active-customers', 'high-usage', 'engaged', 'frequent-transactions']"
1,8,16.0,15.125,0.9830463870815289,24.70380247994304,19865.84192798317,0.004404389498153777,0.3778310585119981,Standard Issuers,"['typical', 'balanced', 'stable', 'moderate']"
2,15,30.0,19.666666666666668,0.9831293644989506,24.692436113458445,14745.58713921578,0.0059531688659184975,0.4070501766685914,High-Dispute Issuers,"['disputes', 'chargebacks', 'customer-issues', 'problematic']"
3,6,12.0,24.666666666666668,0.9722236001874313,30.37029322977233,16193.737526794037,0.004615768696567336,0.420562866258231,Large Cautious Issuers,"['large-portfolio', 'risk-averse', 'strict-controls', 'high-decline']"
4,7,14.000000000000002,18.285714285714285,0.9880168140238038,23.024887754715838,19376.91659816207,0.003872618948252272,0.4244302261811877,Standard Issuers,"['typical', 'balanced', 'stable', 'moderate']"
