cluster_id,size,percentage,avg_ticket_size,transaction_volume,unique_customers,decline_rate,refund_rate,name,tags
0,59,11.799999999999999,102.4674888913411,397.3220338983051,168.0677966101695,0.01430206644918624,0.05536943884206033,High-Volume Merchants,"['busy', 'popular', 'high-traffic']"
1,108,21.6,96.2549312079861,358.6388888888889,155.52777777777777,0.01670002018679445,0.050355146937497035,Standard Merchants,"['typical', 'average', 'stable']"
2,96,19.2,98.73507353795087,358.5729166666667,161.75,0.017571846835249486,0.051621351666330605,Standard Merchants,"['typical', 'average', 'stable']"
3,108,21.6,101.89636229811734,325.6574074074074,153.7037037037037,0.016783028508019656,0.04705925246968708,Standard Merchants,"['typical', 'average', 'stable']"
4,129,25.8,104.14676759723145,382.2403100775194,169.69767441860466,0.017990627563708138,0.048321900562232414,High-Volume Merchants,"['busy', 'popular', 'high-traffic']"
