input,match,score
Coca-Cola,Starbucks,0.5253352089125043
Coca-Cola,Chevron,0.47310120063910394
Coca-Cola,ExxonMobil,0.45474047067808415
Coca-Cola,Nike,0.43852784282880125
Coca-Cola,Comcast,0.43811572029134277
Coca-Cola,Ross Stores,0.4332144401341597
Coca-Cola,Taco Bell,0.4331784287008328
Coca-Cola,BP,0.43208826546274837
Coca-Cola,Netflix,0.4299556481433568
Coca-Cola,Trader Joe's,0.42869489043190223
